{"cameraMode":{"drawMode":0,"name":"Shaded","section":"Shading Mode"},"sceneLighting":false,"audioPlay":false,"sceneViewState":{"m_AlwaysRefresh":false,"showFog":true,"showSkybox":false,"showFlares":true,"showImageEffects":true,"showParticleSystems":true,"showVisualEffectGraphs":true,"m_FxEnabled":false},"in2DMode":false,"pivot":{"x":-0.0005860328674316406,"y":0.21530866622924806,"z":-0.028496742248535157},"rotation":{"x":0.575545608997345,"y":0.31692519783973696,"z":0.25743567943573,"w":-0.7085473537445068},"size":8.66025447845459,"orthographic":false}